{"cameraMode":{"drawMode":0,"name":"Shaded","section":"Shading Mode"},"sceneLighting":false,"audioPlay":false,"sceneViewState":{"showFog":true,"showMaterialUpdate":false,"showSkybox":false,"showFlares":true,"showImageEffects":true,"showParticleSystems":true,"showVisualEffectGraphs":true,"m_FxEnabled":true},"in2DMode":false,"pivot":{"x":22.46059799194336,"y":-0.5649160146713257,"z":-44.876773834228519},"rotation":{"x":-0.008578584529459477,"y":0.7836304903030396,"z":-0.010822084732353688,"w":-0.6210888624191284},"size":1.2247449159622193,"orthographic":false}