{"cameraMode":{"drawMode":0,"name":"Shaded","section":"Shading Mode"},"sceneLighting":false,"audioPlay":false,"sceneViewState":{"showFog":true,"showMaterialUpdate":false,"showSkybox":false,"showFlares":true,"showImageEffects":true,"showParticleSystems":true,"showVisualEffectGraphs":true,"m_FxEnabled":true},"in2DMode":false,"pivot":{"x":14.759502410888672,"y":0.9552242755889893,"z":-2.6611733436584474},"rotation":{"x":0.012454637326300145,"y":0.8111921548843384,"z":-0.01728954166173935,"w":0.5843984484672546},"size":12.12435531616211,"orthographic":false}